id,first_name,last_name,email,gender,Company_Name,Location,Payment,Price
1,Poorna,Ilyinykh,ailyinykh0@goo.ne.jp,Male,Skajo,,americanexpress,$4802.47
2,Town,Letterick,tletterick1@state.gov,Male,Quamba,Kumane,china-unionpay,$2548.62
3,Agnese,Cleeves,acleeves2@netvibes.com,Female,JumpXS,Ipiales,visa,$7951.13
4,Stillman,Dinley,sdinley3@dagondesign.com,Male,Brainlounge,Petiga,jcb,$5002.53
5,Aguie,Reina,areina4@toplist.cz,Male,Teklist,Maquiapo,jcb,$8961.25
6,Arni,Norkutt,anorkutt5@sogou.com,Male,Talane,Liquica,jcb,$1843.35
7,Etienne,Coppens,ecoppens6@patch.com,Male,Kamba,Muslyumovo,china-unionpay,$2698.14
8,Olivier,Vardie,ovardie7@washingtonpost.com,Male,Rhynoodle,Kota Kinabalu,jcb,$1607.72
9,Johnathan,Pendreigh,jpendreigh8@google.com,Male,Kazu,Valleymount,mastercard,$4536.68
10,Ranice,Lawleff,rlawleff9@newsvine.com,Female,Yamia,,jcb,$7313.14
11,Arlen,Tattersdill,atattersdilla@webs.com,Male,Twinte,Amouguer,jcb,$2710.60
12,Shandee,Ouver,souverb@wikimedia.org,Female,Thoughtbeat,,jcb,$3288.74
13,Eula,Dyerson,edyersonc@google.com.br,Female,Wikibox,Gengzhuang,jcb,$6588.38
14,Lizbeth,Hinemoor,lhinemoord@printfriendly.com,Female,Innojam,Orekhovo-Borisovo,china-unionpay,$1387.30
15,Garv,O'Leagham,goleaghame@techcrunch.com,Male,Wikivu,Campo de la Cruz,diners-club-carte-blanche,$9825.28
16,Cal,Drakes,cdrakesf@wordpress.com,Male,Blognation,Wissembourg,switch,$6032.02
17,Amii,Attow,aattowg@sphinn.com,Female,Wordtune,,jcb,$7505.62
18,Madge,Southwell,msouthwellh@youtu.be,Female,Zoomlounge,Ina,solo,$5781.80
19,Roman,Dungay,rdungayi@engadget.com,Genderqueer,Oodoo,Ban Chang,bankcard,$6007.05
20,Amalia,Ogborn,aogbornj@ifeng.com,Female,Trilia,Pingba,switch,$1321.77
21,Andromache,Gockelen,agockelenk@thetimes.co.uk,Female,Tazz,Pelotas,jcb,$2971.63
22,Pippa,Minear,pminearl@discovery.com,Female,Meeveo,Uzlovaya,jcb,$2156.66
23,Patricio,Test,ptestm@nih.gov,Male,Ozu,Hengelo,laser,$4575.42
24,Klara,Crady,kcradyn@imdb.com,Bigender,Devpulse,Naifaru,jcb,$1189.30
25,Darius,Twiddle,dtwiddleo@dell.com,Male,Zazio,Santa Cruz do Bispo,jcb,$6182.02
26,Broderic,Wrightam,bwrightamp@sun.com,Male,Browsecat,Fastiv,mastercard,$6290.31
27,Codie,Trainor,ctrainorq@arizona.edu,Female,,Abilay,visa-electron,$4532.06
28,Fredia,Tembridge,ftembridger@dot.gov,Female,Topicware,Liulimiao,jcb,$4077.92
29,Lenard,Collop,lcollops@bizjournals.com,Male,Yambee,Pamotan,maestro,$5267.49
30,Craggy,Killik,ckillikt@constantcontact.com,Male,Yacero,Tres Isletas,jcb,$4811.45
31,Tabor,Jakubovics,tjakubovicsu@cmu.edu,Male,Wikivu,,mastercard,$9725.96
32,Patrizius,Ghiron,pghironv@unc.edu,Male,Browsetype,Yonggu,maestro,$154.32
33,Tobe,Way,twayw@google.ru,Female,Riffwire,Manzurka,diners-club-us-ca,$4409.31
34,Tann,Bramah,tbramahx@canalblog.com,Male,Digitube,Brampton,jcb,$356.80
35,Inge,Murrell,imurrelly@princeton.edu,Female,Bluejam,Telsen,jcb,$9261.37
36,Denys,Copcote,dcopcotez@nba.com,Male,,Seso,laser,$2694.40
37,Fredrika,Andres,fandres10@sourceforge.net,Female,Mynte,Chazón,jcb,$3792.92
38,Cesya,Molden,cmolden11@salon.com,Female,Oba,Tirlyanskiy,instapayment,$6951.87
39,Avrit,Camellini,acamellini12@harvard.edu,Female,Oyondu,Gubo,jcb,$4061.83
40,Alyson,Gateland,agateland13@merriam-webster.com,Female,Voomm,Aranitas,jcb,$9920.50
41,Franny,McColl,fmccoll14@google.ru,Male,,Boksitogorsk,jcb,$4495.10
42,Berty,Bracer,bbracer15@reuters.com,Bigender,Browsecat,Ylihärmä,mastercard,$3007.84
43,Hildagard,Meletti,hmeletti16@nydailynews.com,Female,Gigabox,Thiers,diners-club-enroute,$2069.46
44,Tom,Knowler,tknowler17@etsy.com,Male,Layo,Taozhuang,jcb,$7102.09
45,Laverne,McAusland,lmcausland18@rambler.ru,Female,Feednation,Tubajon,americanexpress,$2405.57
46,Nara,Jenkison,njenkison19@china.com.cn,Female,Browsedrive,Cardal,jcb,$9944.12
47,Cate,Hakes,chakes1a@dropbox.com,Female,Yakitri,,visa-electron,$7666.91
48,Adore,Drains,adrains1b@i2i.jp,Female,Latz,Baita,maestro,$8286.94
49,Katti,Robbs,krobbs1c@ovh.net,Female,Dynava,Aoqiao,jcb,$1352.81
50,Tanhya,Sunnucks,tsunnucks1d@phoca.cz,Female,Yoveo,Huzhuang,jcb,$7843.10
51,Manfred,Kelshaw,mkelshaw1e@fema.gov,Male,DabZ,Saraktash,americanexpress,$6791.59
52,Kerry,Giraudot,kgiraudot1f@meetup.com,Male,Skipstorm,Próti,switch,$599.64
53,Agatha,Brim,abrim1g@fc2.com,Female,Oozz,Genova,visa,$9834.40
54,Philippine,Goadbie,pgoadbie1h@ucsd.edu,Female,Dynabox,,bankcard,$6030.55
55,Jacklyn,Whiffin,jwhiffin1i@youtu.be,Female,Youopia,Stulovo,diners-club-carte-blanche,$5871.38
56,Lucas,Calveley,lcalveley1j@multiply.com,Agender,Photobean,Leer,mastercard,$1715.67
57,Miguel,Pane,mpane1k@usgs.gov,Male,Voolith,Cilangla,visa,$4085.47
58,Kennedy,Tow,ktow1l@hc360.com,Male,Youbridge,Kokologo,maestro,$4958.63
59,Kris,Isacke,kisacke1m@de.vu,Female,Dynazzy,Skillingaryd,switch,$7573.49
60,Billi,Davydoch,bdavydoch1n@list-manage.com,Polygender,Yakidoo,Xinhua,visa,$8718.08
61,Brucie,Stockton,bstockton1o@yellowpages.com,Male,Topdrive,Skillingaryd,americanexpress,$510.66
62,Gael,Mangam,gmangam1p@nydailynews.com,Male,Fanoodle,Krajan,china-unionpay,$1885.05
63,Salomone,Paiton,spaiton1q@loc.gov,Male,Jaxbean,Xing’an,diners-club-enroute,$1423.24
64,Silvain,Hercock,shercock1r@cloudflare.com,Male,Fivebridge,Sanxi,jcb,$724.77
65,Gavra,Ranald,granald1s@cbsnews.com,Female,,,jcb,$1397.41
66,Shani,Blevin,sblevin1t@fotki.com,Agender,Buzzshare,Hengshui,jcb,$5039.65
67,Rickie,Pigney,rpigney1u@mysql.com,Female,Devcast,Zambujal,diners-club-enroute,$9395.96
68,Ingeberg,Jarville,ijarville1v@time.com,Female,Photobug,Sergelen,visa,$6751.97
69,Melisent,Mockler,mmockler1w@dedecms.com,Female,Riffwire,Burgas,mastercard,$8062.56
70,Helena,Crumpe,hcrumpe1x@yandex.ru,Female,Tagfeed,Osek nad Bečvou,bankcard,$890.89
71,Mallory,Perse,mperse1y@ucoz.com,Male,Blogspan,Bacheng,jcb,$4164.48
72,Jamison,Sneezum,jsneezum1z@state.tx.us,Male,Kazu,Levallois-Perret,jcb,$7490.58
73,Thatcher,Blayney,tblayney20@exblog.jp,Male,Meedoo,Chishui,bankcard,$3572.74
74,Eadie,Wagen,ewagen21@rediff.com,Female,Chatterpoint,Sibanicú,instapayment,$3861.29
75,Dwayne,Langeren,dlangeren22@webs.com,Male,Trudoo,Tarrafal de São Nicolau,china-unionpay,$9330.70
76,Brody,Jaray,bjaray23@utexas.edu,Polygender,Bluejam,Xishan,maestro,$3303.67
77,Randolf,Astupenas,rastupenas24@usa.gov,Male,Eamia,Belos Ares,jcb,$5602.34
78,Milka,Hardisty,mhardisty25@sourceforge.net,Female,Voonyx,New Brunswick,jcb,$2554.04
79,Lola,Cakebread,lcakebread26@furl.net,Female,Gabspot,Jianshan,americanexpress,$7133.10
80,Egon,Edmed,eedmed27@networkadvertising.org,Male,Wikivu,Kaolack,jcb,$7781.67
81,Kilian,Voaden,kvoaden28@unblog.fr,Male,Wikivu,Santa Rita,jcb,$6610.11
82,Teador,Johnsee,tjohnsee29@amazon.co.jp,Male,Buzzshare,,instapayment,$3229.59
83,Pryce,Hannaby,phannaby2a@cam.ac.uk,Male,Digitube,Seymchan,jcb,$5190.39
84,Isidoro,Dun,idun2b@wired.com,Male,Photofeed,Lahad Datu,americanexpress,$820.02
85,Francois,Bubbins,fbubbins2c@ft.com,Male,Reallinks,Rijswijk,jcb,$4894.88
86,Sunny,Gallaher,sgallaher2d@sciencedirect.com,Female,Thoughtworks,Guarapuava,diners-club-carte-blanche,$4973.75
87,Anabella,Stollenberg,astollenberg2e@msu.edu,Female,Trupe,Bergen,jcb,$3196.09
88,Elberta,Overill,eoverill2f@java.com,Female,Gabtype,Tha Muang,maestro,$3765.14
89,Rani,Coleiro,rcoleiro2g@wired.com,Female,Eamia,Utabi,jcb,$2020.27
90,Griswold,Coyne,gcoyne2h@jimdo.com,Genderqueer,Buzzbean,Hegeng,switch,$8283.25
91,Flory,Carrol,fcarrol2i@wisc.edu,Male,Linklinks,Bontang Baru,americanexpress,$4990.61
92,Alejandro,Bebbell,abebbell2j@ovh.net,Genderfluid,Oloo,General Conesa,jcb,$5689.52
93,Jacky,Tibols,jtibols2k@narod.ru,Male,Agivu,,americanexpress,$9898.15
94,Fitz,Beesey,fbeesey2l@gov.uk,Male,Meemm,Dunhua,visa-electron,$5368.73
95,Marta,Colquyte,mcolquyte2m@wsj.com,Female,Katz,Rodas,maestro,$4366.24
96,Phillipp,Wenban,pwenban2n@dropbox.com,Male,Skipfire,Sundbyberg,mastercard,$9874.09
97,Edgard,Petschelt,epetschelt2o@tamu.edu,Male,Blogspan,Guruafin,diners-club-carte-blanche,$2940.16
98,Cary,Dancy,cdancy2p@scribd.com,Female,Brainsphere,Lawrenceville,switch,$3208.67
99,Dareen,Heinsius,dheinsius2q@marketwatch.com,Female,Skippad,Baganha,jcb,$6032.74
100,Marissa,Mcwhinney,mmcwhinney2r@sourceforge.net,Female,,Hohoe,visa,$8632.25
